,word,score,source
0,board,0.4560311284046688,3000
1,coach,0.4396887159533071,3000
2,giant,0.4151750972762644,3000
3,brand,0.4147859922178984,3000
4,grant,0.3945525291828791,3000
5,piano,0.3891050583657586,3000
6,chart,0.3852140077821008,3000
7,grand,0.3774319066147856,3000
8,brain,0.3743190661478596,3000
9,chair,0.3712062256809336,3000
10,craft,0.3700389105058362,3000
11,train,0.3696498054474705,3000
12,broad,0.3645914396887156,3000
13,crack,0.3610894941634238,3000
14,drama,0.3482490272373538,3000
15,track,0.3459143968871592,3000
16,chain,0.3443579766536962,3000
17,draft,0.3377431906614782,3000
18,grain,0.3369649805447468,3000
19,guard,0.3357976653696495,3000
20,thank,0.3354085603112838,3000
21,apart,0.3291828793774315,3000
22,today,0.3225680933852138,3000
23,woman,0.3077821011673149,3000
24,award,0.3054474708171203,3000
25,crazy,0.3027237354085599,3000
26,adapt,0.2762645914396885,3000
27,again,0.2731517509727624,3000
28,among,0.265758754863813,3000
29,avoid,0.2653696498054472,3000
30,iraqi,0.2439688715953304,3000
31,about,0.2396887159533071,3000
32,adopt,0.2381322957198441,3000
33,admit,0.2365758754863811,3000
34,actor,0.2346303501945524,3000
35,human,0.2252918287937741,3000
36,urban,0.212451361867704,3000
37,angry,0.181712062256809,3000
38,board,0.4560311284046688,20000
39,coach,0.4396887159533071,20000
40,ciara,0.4365758754863811,20000
41,franc,0.4287937743190659,20000
42,donna,0.4252918287937741,20000
43,diana,0.4210116731517508,20000
44,trait,0.4159533073929958,20000
45,giant,0.4151750972762644,20000
46,brand,0.4147859922178984,20000
47,pratt,0.414007782101167,20000
48,torah,0.4105058365758753,20000
49,gonna,0.4097276264591438,20000
50,conan,0.4089494163424122,20000
51,roach,0.4050583657587546,20000
52,craig,0.3984435797665366,20000
53,tract,0.3972762645914393,20000
54,trina,0.3953307392996106,20000
55,grant,0.3945525291828791,20000
56,corba,0.3941634241245134,20000
57,circa,0.3914396887159531,20000
58,crank,0.3910505836575873,20000
59,piano,0.3891050583657586,20000
60,tonga,0.3875486381322954,20000
61,fiona,0.3863813229571983,20000
62,chart,0.3852140077821008,20000
63,moran,0.3828793774319063,20000
64,forma,0.3778210116731516,20000
65,grand,0.3774319066147856,20000
66,cocoa,0.3766536964980543,20000
67,cobra,0.3762645914396884,20000
68,gotta,0.3750972762645912,20000
69,brain,0.3743190661478596,20000
70,charm,0.3731517509727623,20000
71,honda,0.3715953307392994,20000
72,chair,0.3712062256809336,20000
73,prada,0.3704280155642021,20000
74,china,0.3700389105058363,20000
75,craft,0.3700389105058362,20000
76,tiava,0.3696498054474706,20000
77,train,0.3696498054474705,20000
78,chang,0.3692607003891048,20000
79,dinar,0.3661478599221788,20000
80,broad,0.3645914396887156,20000
81,frank,0.3622568093385212,20000
82,crack,0.3610894941634238,20000
83,wrath,0.359143968871595,20000
84,drank,0.3587548638132293,20000
85,jonah,0.3579766536964979,20000
86,drain,0.3525291828793771,20000
87,brian,0.3513618677042798,20000
88,diary,0.3509727626459141,20000
89,comma,0.3505836575875484,20000
90,franz,0.3482490272373539,20000
91,drama,0.3482490272373538,20000
92,punta,0.346303501945525,20000
93,track,0.3459143968871592,20000
94,norma,0.3451361867704278,20000
95,ghana,0.3443579766536963,20000
96,chain,0.3443579766536962,20000
97,champ,0.3428015564202332,20000
98,cigar,0.3424124513618675,20000
99,fraud,0.3424124513618674,20000
100,huang,0.3389105058365756,20000
101,draft,0.3377431906614782,20000
102,grain,0.3369649805447468,20000
103,prima,0.3361867704280153,20000
104,guard,0.3357976653696495,20000
105,thank,0.3354085603112838,20000
106,tracy,0.3342412451361864,20000
107,miami,0.331906614785992,20000
108,avant,0.331906614785992,20000
109,braun,0.3315175097276261,20000
110,arrow,0.3291828793774317,20000
111,apart,0.3291828793774315,20000
112,brady,0.3287937743190657,20000
113,await,0.3280155642023344,20000
114,titan,0.3280155642023344,20000
115,wharf,0.325291828793774,20000
116,quart,0.3249027237354083,20000
117,momma,0.3233463035019452,20000
118,today,0.3225680933852138,20000
119,thanx,0.3206225680933849,20000
120,roman,0.3194552529182877,20000
121,aroma,0.3175097276264589,20000
122,apnic,0.3167315175097274,20000
123,hyatt,0.3151750972762643,20000
124,wyatt,0.3147859922178985,20000
125,kinda,0.3136186770428013,20000
126,burma,0.3132295719844356,20000
127,anita,0.3124513618677039,20000
128,bravo,0.3116731517509724,20000
129,array,0.3105058365758753,20000
130,topaz,0.309338521400778,20000
131,nokia,0.3089494163424121,20000
132,woman,0.3077821011673149,20000
133,hogan,0.3070038910505834,20000
134,award,0.3054474708171203,20000
135,micah,0.3042801556420232,20000
136,graph,0.3042801556420231,20000
137,kraft,0.3035019455252915,20000
138,crazy,0.3027237354085599,20000
139,dwarf,0.3015564202334627,20000
140,pixar,0.3011673151750972,20000
141,rowan,0.2972762645914395,20000
142,hipaa,0.2968871595330737,20000
143,attic,0.296498054474708,20000
144,vodka,0.2937743190661477,20000
145,audit,0.2937743190661477,20000
146,drawn,0.2918287937743187,20000
147,twain,0.291439688715953,20000
148,zhang,0.2887159533073928,20000
149,quota,0.2875486381322955,20000
150,atari,0.2856031128404667,20000
151,armor,0.2848249027237352,20000
152,kodak,0.2828793774319065,20000
153,vdata,0.2824902723735406,20000
154,rican,0.2813229571984434,20000
155,ninja,0.2785992217898831,20000
156,adapt,0.2762645914396885,20000
157,aging,0.2758754863813227,20000
158,arbor,0.2750972762645912,20000
159,quark,0.2735408560311282,20000
160,again,0.2731517509727624,20000
161,wigan,0.2692607003891048,20000
162,aruba,0.2669260700389103,20000
163,bryan,0.2661478599221787,20000
164,among,0.265758754863813,20000
165,avoid,0.2653696498054472,20000
166,amino,0.2626459143968869,20000
167,cuban,0.2614785992217896,20000
168,johan,0.2610894941634238,20000
169,ahmad,0.2599221789883266,20000
170,gupta,0.2552529182879375,20000
171,jihad,0.2529182879377429,20000
172,icann,0.2525291828793772,20000
173,avian,0.2513618677042799,20000
174,annum,0.2513618677042799,20000
175,arxiv,0.2509727626459142,20000
176,amiga,0.2498054474708169,20000
177,avaya,0.2466926070038909,20000
178,iraqi,0.2439688715953304,20000
179,apron,0.2424124513618675,20000
180,audio,0.2420233463035018,20000
181,acorn,0.2396887159533071,20000
182,about,0.2396887159533071,20000
183,pizza,0.2392996108949415,20000
184,acura,0.2381322957198442,20000
185,adopt,0.2381322957198441,20000
186,admit,0.2365758754863811,20000
187,actor,0.2346303501945524,20000
188,kumar,0.2315175097276263,20000
189,oprah,0.2291828793774317,20000
190,organ,0.2280155642023343,20000
191,akron,0.2264591439688714,20000
192,human,0.2252918287937741,20000
193,dubai,0.223735408560311,20000
194,intra,0.2206225680933849,20000
195,anton,0.2175097276264588,20000
196,omaha,0.2159533073929959,20000
197,urban,0.212451361867704,20000
198,india,0.1999999999999998,20000
199,admin,0.1902723735408558,20000
200,angry,0.181712062256809,20000
201,ibiza,0.1813229571984433,20000
202,idaho,0.1731517509727624,20000
203,zyban,0.1307392996108947,20000
204,coarb,0.4883268482490269,all
205,coart,0.4836575875486378,all
206,boart,0.4731517509727622,all
207,coaid,0.4719844357976651,all
208,coact,0.470428015564202,all
209,board,0.4560311284046688,all
210,corta,0.4525291828793771,all
211,doand,0.4509727626459141,all
212,coria,0.4474708171206224,all
213,conia,0.446303501945525,all
214,coram,0.4443579766536962,all
215,tonna,0.4424124513618674,all
216,coati,0.4424124513618674,all
217,coapt,0.4408560311284044,all
218,coach,0.4396887159533071,all
219,torta,0.4373540856031126,all
220,toona,0.4373540856031126,all
221,doina,0.4361867704280153,all
222,fiant,0.4342412451361866,all
223,coroa,0.4334630350194551,all
224,brant,0.4319066147859919,all
225,porta,0.430350194552529,all
226,morat,0.4291828793774316,all
227,franc,0.4287937743190659,all
228,dorab,0.4287937743190659,all
229,riant,0.4284046692607002,all
230,aorta,0.4276264591439687,all
231,couac,0.4272373540856029,all
232,trant,0.4272373540856028,all
233,corah,0.4256809338521399,all
234,donna,0.4252918287937741,all
235,poria,0.4252918287937741,all
236,moira,0.4245136186770425,all
237,donat,0.4229571984435795,all
238,cotta,0.4229571984435795,all
239,tiara,0.4214007782101165,all
240,diana,0.4210116731517508,all
241,hoard,0.4206225680933849,all
242,poach,0.4175097276264589,all
243,hiant,0.4171206225680932,all
244,trait,0.4159533073929958,all
245,foram,0.4155642023346302,all
246,giant,0.4151750972762644,all
247,tiang,0.4151750972762644,all
248,doria,0.4151750972762643,all
249,morra,0.4147859922178986,all
250,brand,0.4147859922178984,all
251,donia,0.414007782101167,all
252,pratt,0.414007782101167,all
253,forra,0.4132295719844356,all
254,riata,0.412451361867704,all
255,wonna,0.4112840466926067,all
256,monad,0.410894941634241,all
257,prana,0.4105058365758753,all
258,torah,0.4105058365758753,all
259,coran,0.4101167315175095,all
260,drant,0.4101167315175094,all
261,binna,0.4097276264591438,all
262,gonna,0.4097276264591438,all
263,crang,0.4097276264591437,all
264,xoana,0.409338521400778,all
265,triac,0.4081712062256806,all
266,mirac,0.4070038910505835,all
267,dorad,0.4070038910505834,all
268,ponca,0.4054474708171204,all
269,roach,0.4050583657587546,all
270,donar,0.4035019455252916,all
271,braid,0.4035019455252915,all
272,prand,0.4031128404669258,all
273,conga,0.4027237354085601,all
274,tuant,0.4023346303501943,all
275,chant,0.4019455252918285,all
276,bract,0.4019455252918284,all
277,diact,0.4007782101167312,all
278,fiard,0.4003891050583655,all
279,boran,0.399610894941634,all
280,tinta,0.3988326848249025,all
281,doaty,0.3988326848249023,all
282,gonia,0.3984435797665367,all
283,craig,0.3984435797665366,all
284,biota,0.3984435797665366,all
285,pinna,0.3980544747081711,all
286,bonav,0.3976653696498051,all
287,norna,0.3972762645914395,all
288,tract,0.3972762645914393,all
289,praam,0.3961089494163422,all
290,tonka,0.3953307392996107,all
291,bobac,0.3953307392996106,all
292,trina,0.3953307392996106,all
293,toran,0.3949416342412449,all
294,borak,0.3945525291828792,all
295,grant,0.3945525291828791,all
296,gorra,0.3941634241245134,all
297,croat,0.3922178988326845,all
298,braca,0.3922178988326845,all
299,pinta,0.3918287937743189,all
300,torma,0.3914396887159531,all
301,circa,0.3914396887159531,all
302,arara,0.3910505836575874,all
303,crank,0.3910505836575873,all
304,chait,0.3906614785992215,all
305,gonad,0.3902723735408558,all
306,piano,0.3891050583657586,all
307,rotta,0.3883268482490269,all
308,cooba,0.3879377431906612,all
309,prang,0.3875486381322955,all
310,tonga,0.3875486381322954,all
311,noria,0.3859922178988324,all
312,tuart,0.3856031128404666,all
313,niata,0.3856031128404666,all
314,fraid,0.3852140077821009,all
315,duant,0.3852140077821009,all
316,chart,0.3852140077821008,all
317,crain,0.3848249027237351,all
318,grana,0.3848249027237351,all
319,kiaat,0.3844357976653695,all
320,vraic,0.3840466926070036,all
321,viand,0.3836575875486379,all
322,fract,0.3836575875486378,all
323,pooka,0.3832684824902722,all
324,diamb,0.3832684824902721,all
325,cramp,0.3832684824902721,all
326,goaty,0.383268482490272,all
327,moran,0.3828793774319063,all
328,toady,0.3821011673151747,all
329,cobia,0.3817120622568091,all
330,copia,0.3809338521400776,all
331,ponga,0.3805447470817119,all
332,brank,0.3805447470817118,all
333,cotan,0.3805447470817118,all
334,konia,0.3797665369649804,all
335,horah,0.3797665369649804,all
336,craik,0.3797665369649803,all
337,borax,0.3797665369649803,all
338,miaow,0.3793774319066146,all
339,trona,0.3793774319066145,all
340,crany,0.3793774319066145,all
341,grata,0.378599221789883,all
342,briar,0.3782101167315171,all
343,forma,0.3778210116731516,all
344,araca,0.3778210116731515,all
345,joram,0.3778210116731515,all
346,qiana,0.3774319066147859,all
347,drang,0.3774319066147857,all
348,grand,0.3774319066147856,all
349,thana,0.37704280155642,all
350,hotta,0.37704280155642,all
351,troat,0.3770428015564199,all
352,cocoa,0.3766536964980543,all
353,morga,0.3766536964980542,all
354,diota,0.3766536964980541,all
355,tomia,0.3762645914396885,all
356,graip,0.3762645914396885,all
357,cobra,0.3762645914396884,all
358,trank,0.3758754863813227,all
359,triad,0.3758754863813226,all
360,chara,0.375486381322957,all
361,copra,0.375486381322957,all
362,orant,0.3754863813229569,all
363,gotta,0.3750972762645912,all
364,hoary,0.3747081712062254,all
365,brain,0.3743190661478596,all
366,diaka,0.373929961089494,all
367,winna,0.373929961089494,all
368,priam,0.3739299610894939,all
369,curat,0.3735408560311282,all
370,ruana,0.3731517509727625,all
371,charm,0.3731517509727623,all
372,cooja,0.3723735408560309,all
373,zoona,0.3719844357976651,all
374,honda,0.3715953307392994,all
375,minar,0.3712062256809336,all
376,chair,0.3712062256809336,all
377,brach,0.3712062256809335,all
378,zonta,0.3708171206225679,all
379,donga,0.3704280155642021,all
380,ariot,0.3700389105058363,all
381,aouad,0.3700389105058363,all
382,china,0.3700389105058363,all
383,craft,0.3700389105058362,all
384,botan,0.3700389105058362,all
385,podia,0.3696498054474707,all
386,train,0.3696498054474705,all
387,airth,0.3692607003891049,all
388,chang,0.3692607003891048,all
389,prank,0.3688715953307391,all
390,ronga,0.3680933852140076,all
391,tramp,0.3680933852140075,all
392,chard,0.3680933852140075,all
393,trapt,0.3677042801556417,all
394,koroa,0.3669260700389104,all
395,piaba,0.3665369649805446,all
396,arank,0.3661478599221788,all
397,dinar,0.3661478599221788,all
398,moray,0.3661478599221787,all
399,topia,0.365758754863813,all
400,charr,0.3657587548638129,all
401,tuath,0.3653696498054472,all
402,trica,0.3653696498054471,all
403,doura,0.3653696498054471,all
404,trama,0.3653696498054471,all
405,bhara,0.3649805447470814,all
406,foray,0.3645914396887158,all
407,auric,0.3645914396887158,all
408,gotra,0.3645914396887157,all
409,curia,0.3645914396887157,all
410,krait,0.3645914396887157,all
411,traik,0.3645914396887157,all
412,broad,0.3645914396887156,all
413,norah,0.36420233463035,all
414,kiang,0.3638132295719842,all
415,chita,0.3638132295719841,all
416,pitta,0.3634241245136185,all
417,wrang,0.3634241245136184,all
418,thatd,0.3634241245136183,all
419,honan,0.3630350194552527,all
420,firca,0.362645914396887,all
421,goran,0.3622568093385212,all
422,frank,0.3622568093385212,all
423,couma,0.3622568093385212,all
424,drona,0.3622568093385211,all
425,monax,0.3618677042801553,all
426,finca,0.3614785992217897,all
427,bocca,0.3614785992217896,all
428,doray,0.3610894941634239,all
429,hiram,0.3610894941634239,all
430,crack,0.3610894941634238,all
431,rocta,0.3610894941634238,all
432,douar,0.3603112840466924,all
433,guana,0.3599221789883267,all
434,minah,0.3599221789883267,all
435,artic,0.3599221789883266,all
436,arain,0.3599221789883266,all
437,troad,0.3599221789883265,all
438,friar,0.3599221789883265,all
439,tunna,0.3595330739299609,all
440,hooka,0.3595330739299609,all
441,arati,0.3595330739299608,all
442,dirca,0.3591439688715951,all
443,korah,0.3591439688715951,all
444,wrath,0.359143968871595,all
445,birma,0.3587548638132294,all
446,bhang,0.3587548638132293,all
447,drank,0.3587548638132293,all
448,wirra,0.3583657587548636,all
449,arith,0.3583657587548635,all
450,crawm,0.3583657587548635,all
451,coaxy,0.3583657587548635,all
452,jonah,0.3579766536964979,all
453,pinda,0.3579766536964979,all
454,trapa,0.3579766536964978,all
455,tharm,0.3579766536964976,all
456,muang,0.3575875486381321,all
457,donax,0.3568093385214005,all
458,arach,0.3568093385214005,all
459,tharf,0.3564202334630347,all
460,wonga,0.3564202334630347,all
461,foamy,0.3564202334630347,all
462,ziara,0.3560311284046691,all
463,nonda,0.356031128404669,all
464,chiam,0.3556420233463032,all
465,zonar,0.3552529182879376,all
466,ponja,0.3552529182879376,all
467,tovar,0.3552529182879375,all
468,titar,0.3548638132295718,all
469,dinah,0.3548638132295718,all
470,ahint,0.3548638132295717,all
471,pohna,0.3540856031128403,all
472,tirma,0.3540856031128403,all
473,coman,0.3540856031128402,all
474,araua,0.3536964980544745,all
475,brava,0.3536964980544743,all
476,gooma,0.3525291828793772,all
477,drain,0.3525291828793771,all
478,dogra,0.352529182879377,all
479,miaou,0.3517509727626458,all
480,vinta,0.3517509727626456,all
481,brian,0.3513618677042798,all
482,fraik,0.3509727626459142,all
483,diary,0.3509727626459141,all
484,boyar,0.3509727626459141,all
485,aroid,0.3509727626459141,all
486,woady,0.350972762645914,all
487,brahm,0.350972762645914,all
488,pharm,0.350972762645914,all
489,comma,0.3505836575875484,all
490,miauw,0.3505836575875484,all
491,chank,0.3505836575875484,all
492,guiac,0.3505836575875484,all
493,brack,0.3505836575875483,all
494,fidac,0.349805447470817,all
495,goura,0.3498054474708169,all
496,mocoa,0.3494163424124512,all
497,troca,0.349416342412451,all
498,twant,0.3490272373540853,all
499,chria,0.3490272373540853,all
500,franz,0.3482490272373539,all
501,drama,0.3482490272373538,all
502,airan,0.3478599221789882,all
503,aroar,0.3478599221789881,all
504,cocao,0.3478599221789881,all
505,mitra,0.3478599221789881,all
506,niota,0.3474708171206223,all
507,frapp,0.3470817120622566,all
508,murat,0.3463035019455251,all
509,punta,0.346303501945525,all
510,rotan,0.3459143968871593,all
511,dramm,0.3459143968871592,all
512,track,0.3459143968871592,all
513,braza,0.3455252918287934,all
514,norma,0.3451361867704278,all
515,fohat,0.3451361867704278,all
516,cicad,0.3451361867704278,all
517,chaka,0.3451361867704278,all
518,ghana,0.3443579766536963,all
519,aruac,0.3443579766536963,all
520,chain,0.3443579766536962,all
521,groat,0.3443579766536962,all
522,tovah,0.3439688715953305,all
523,bwana,0.3439688715953305,all
524,krina,0.3439688715953305,all
525,chati,0.3439688715953304,all
526,dobra,0.3439688715953304,all
527,koran,0.3435797665369647,all
528,guara,0.343190661478599,all
529,grank,0.343190661478599,all
530,krang,0.343190661478599,all
531,araba,0.343190661478599,all
532,arrah,0.3428015564202333,all
533,champ,0.3428015564202332,all
534,orang,0.3428015564202332,all
535,grano,0.3428015564202332,all
536,cigar,0.3424124513618675,all
537,homam,0.3424124513618675,all
538,bogan,0.3424124513618674,all
539,chapt,0.3424124513618674,all
540,fraud,0.3424124513618674,all
541,araru,0.3420233463035017,all
542,vocab,0.3420233463035017,all
543,quant,0.341634241245136,all
544,dinka,0.3408560311284044,all
545,croak,0.3408560311284044,all
546,kotar,0.3408560311284044,all
547,anana,0.3408560311284044,all
548,firma,0.3404669260700388,all
549,mirak,0.3404669260700388,all
550,triga,0.3404669260700386,all
551,uinta,0.3400778210116729,all
552,dooja,0.3400778210116729,all
553,korma,0.3400778210116729,all
554,phaca,0.3400778210116729,all
555,chama,0.3400778210116729,all
556,chica,0.3400778210116728,all
557,whata,0.3396887159533071,all
558,bruta,0.3396887159533071,all
559,crura,0.3396887159533071,all
560,twana,0.3392996108949414,all
561,bigam,0.3392996108949414,all
562,prahm,0.3392996108949414,all
563,tuarn,0.3392996108949413,all
564,toman,0.3389105058365756,all
565,kooka,0.3389105058365756,all
566,whart,0.3389105058365755,all
567,rinka,0.33852140077821,all
568,tiraz,0.33852140077821,all
569,whand,0.3385214007782098,all
570,korai,0.3381322957198441,all
571,hodad,0.3377431906614784,all
572,citua,0.3377431906614784,all
573,chamm,0.3377431906614783,all
574,ahind,0.3377431906614783,all
575,twait,0.3377431906614783,all
576,draft,0.3377431906614782,all
577,konak,0.3373540856031127,all
578,vocat,0.3373540856031126,all
579,chaga,0.3373540856031126,all
580,chora,0.3373540856031125,all
581,zonda,0.3369649805447469,all
582,arian,0.3369649805447469,all
583,grain,0.3369649805447468,all
584,wramp,0.3369649805447468,all
585,amant,0.3365758754863811,all
586,mowra,0.3365758754863811,all
587,hoagy,0.336575875486381,all
588,wrapt,0.336575875486381,all
589,biabo,0.3361867704280153,all
590,munia,0.3361867704280153,all
591,prima,0.3361867704280153,all
592,arawa,0.3357976653696496,all
593,thrap,0.3357976653696496,all
594,draba,0.3357976653696495,all
595,chaum,0.3357976653696495,all
596,guard,0.3357976653696495,all
597,rhina,0.3354085603112838,all
598,gramp,0.3354085603112838,all
599,thank,0.3354085603112838,all
600,praya,0.3350194552529181,all
601,coyan,0.3346303501945523,all
602,fodda,0.3342412451361866,all
603,tracy,0.3342412451361864,all
604,thatn,0.3342412451361864,all
605,gobia,0.3338521400778208,all
606,chark,0.3338521400778207,all
607,frary,0.3338521400778206,all
608,bidar,0.333463035019455,all
609,butat,0.333463035019455,all
610,didna,0.333463035019455,all
611,dimna,0.3330739299610893,all
612,grama,0.3326848249027235,all
613,coppa,0.3326848249027235,all
614,frack,0.3322957198443577,all
615,whatd,0.3322957198443576,all
616,miami,0.331906614785992,all
617,cowan,0.331906614785992,all
618,nomap,0.331906614785992,all
619,murra,0.331906614785992,all
620,avant,0.331906614785992,all
621,huaca,0.331906614785992,all
622,wharp,0.3319066147859919,all
623,broma,0.3319066147859919,all
624,acana,0.3311284046692606,all
625,pocan,0.3311284046692605,all
626,arrgt,0.3307392996108947,all
627,thram,0.3307392996108946,all
628,cyath,0.3303501945525289,all
629,arnut,0.3303501945525289,all
630,aurir,0.3299610894941633,all
631,douma,0.3299610894941632,all
632,pinax,0.3295719844357975,all
633,tunca,0.3295719844357975,all
634,chaft,0.3295719844357973,all
635,aurar,0.3291828793774318,all
636,tibia,0.3291828793774317,all
637,arrow,0.3291828793774317,all
638,apart,0.3291828793774315,all
639,voraz,0.328793774319066,all
640,wunna,0.3284046692607002,all
641,timar,0.3284046692607002,all
642,prado,0.3284046692607001,all
643,draco,0.3284046692607,all
644,ainoi,0.3280155642023344,all
645,titan,0.3280155642023344,all
646,vinca,0.3280155642023344,all
647,phano,0.3280155642023344,all
648,krona,0.3280155642023344,all
649,await,0.3280155642023344,all
650,pruta,0.3280155642023344,all
651,kitab,0.3276264591439686,all
652,mohar,0.3272373540856028,all
653,pomak,0.3268482490272372,all
654,bhaga,0.3268482490272371,all
655,durra,0.3268482490272371,all
656,ziram,0.3264591439688714,all
657,gouda,0.3264591439688714,all
658,cunan,0.3260700389105057,all
659,dicta,0.3260700389105055,all
660,fidia,0.32568093385214,all
661,quata,0.3256809338521399,all
662,picra,0.3256809338521399,all
663,arado,0.3256809338521398,all
664,troak,0.3256809338521398,all
665,bragi,0.325291828793774,all
666,wharf,0.325291828793774,all
667,quart,0.3249027237354083,all
668,artar,0.3245136186770426,all
669,bunda,0.3241245136186768,all
670,choca,0.3241245136186768,all
671,nitta,0.3241245136186768,all
672,draff,0.3241245136186767,all
673,trady,0.3241245136186766,all
674,kogia,0.3237354085603111,all
675,arion,0.323735408560311,all
676,irani,0.323735408560311,all
677,momma,0.3233463035019452,all
678,vitta,0.3233463035019452,all
679,briza,0.3233463035019451,all
680,whang,0.3229571984435794,all
681,byard,0.3229571984435794,all
682,trifa,0.3229571984435794,all
683,today,0.3225680933852138,all
684,ruach,0.322178988326848,all
685,chary,0.3221789883268479,all
686,graft,0.3221789883268479,all
687,cravo,0.3221789883268479,all
688,bimah,0.3217898832684823,all
689,curua,0.3217898832684823,all
690,nomad,0.3217898832684822,all
691,kraut,0.3217898832684822,all
692,braky,0.3217898832684822,all
693,chian,0.3214007782101165,all
694,pompa,0.3210116731517508,all
695,kinah,0.3206225680933851,all
696,tragi,0.3206225680933849,all
697,chack,0.3206225680933849,all
698,nonya,0.3206225680933849,all
699,micra,0.3206225680933849,all
700,korwa,0.3202334630350193,all
701,chaco,0.3202334630350191,all
702,crapy,0.3198443579766534,all
703,ticca,0.3194552529182877,all
704,roman,0.3194552529182877,all
705,notan,0.3190661478599219,all
706,ribat,0.3186770428015562,all
707,burka,0.3182879377431905,all
708,juang,0.3182879377431905,all
709,arioi,0.3182879377431904,all
710,armit,0.3182879377431904,all
711,rogan,0.3182879377431904,all
712,guano,0.3178988326848247,all
713,mirza,0.317509727626459,all
714,aroma,0.3175097276264589,all
715,apaid,0.3175097276264589,all
716,furca,0.3171206225680932,all
717,dogma,0.3171206225680931,all
718,towan,0.3167315175097274,all
719,buran,0.3167315175097274,all
720,chaya,0.3167315175097274,all
721,cizar,0.3163424124513617,all
722,mopan,0.3163424124513616,all
723,twang,0.3163424124513616,all
724,chiao,0.3159533073929959,all
725,topau,0.3159533073929959,all
726,pipra,0.3159533073929959,all
727,aitch,0.3159533073929959,all
728,chaff,0.3159533073929958,all
729,cyano,0.3155642023346301,all
730,kiack,0.3151750972762644,all
731,apair,0.3151750972762643,all
732,phora,0.3151750972762643,all
733,arrau,0.3147859922178987,all
734,aband,0.3147859922178986,all
735,agata,0.3147859922178986,all
736,wrack,0.3147859922178985,all
737,orach,0.3147859922178985,all
738,acara,0.3143968871595329,all
739,biham,0.3140077821011671,all
740,apina,0.3140077821011671,all
741,krama,0.3140077821011671,all
742,nokta,0.314007782101167,all
743,purda,0.3136186770428013,all
744,tzaam,0.3136186770428013,all
745,brawn,0.3136186770428012,all
746,hinau,0.3132295719844357,all
747,burma,0.3132295719844356,all
748,bhava,0.3132295719844354,all
749,guaka,0.3128404669260699,all
750,vitra,0.3128404669260698,all
751,tunka,0.3124513618677041,all
752,gotha,0.312451361867704,all
753,anita,0.3124513618677039,all
754,chaja,0.3120622568093383,all
755,thraw,0.3116731517509725,all
756,boyau,0.3116731517509725,all
757,guato,0.3116731517509725,all
758,bravi,0.3116731517509724,all
759,bravo,0.3116731517509724,all
760,divia,0.3112840466926068,all
761,towai,0.3112840466926068,all
762,burao,0.3112840466926068,all
763,pharo,0.3112840466926067,all
764,pokan,0.310894941634241,all
765,array,0.3105058365758753,all
766,mitua,0.3105058365758752,all
767,poppa,0.3105058365758752,all
768,burga,0.3105058365758752,all
769,cigua,0.3101167315175095,all
770,amara,0.3101167315175095,all
771,fibra,0.3101167315175095,all
772,quina,0.3097276264591438,all
773,powan,0.3097276264591438,all
774,dhabb,0.3097276264591436,all
775,topaz,0.309338521400778,all
776,bunga,0.309338521400778,all
777,girba,0.3089494163424123,all
778,xinca,0.3089494163424122,all
779,pitau,0.3085603112840466,all
780,turma,0.3085603112840465,all
781,graff,0.3085603112840464,all
782,woman,0.3077821011673149,all
783,aroon,0.3077821011673149,all
784,guama,0.3077821011673149,all
785,munda,0.3073929961089492,all
786,amnic,0.3073929961089492,all
787,bhima,0.3073929961089491,all
788,jurat,0.3070038910505835,all
789,arrha,0.3070038910505835,all
790,hogan,0.3070038910505834,all
791,aramu,0.3066147859922177,all
792,ahong,0.3062256809338519,all
793,mocha,0.3058365758754862,all
794,domba,0.305836575875486,all
795,punka,0.3054474708171205,all
796,kofta,0.3054474708171204,all
797,annat,0.3054474708171204,all
798,award,0.3054474708171203,all
799,chiba,0.3054474708171203,all
800,thack,0.3054474708171203,all
801,tunga,0.3046692607003889,all
802,khair,0.3046692607003889,all
803,micah,0.3042801556420232,all
804,virga,0.3042801556420231,all
805,ayont,0.3042801556420231,all
806,graph,0.3042801556420231,all
807,whank,0.3042801556420231,all
808,atrip,0.3038910505836575,all
809,kokia,0.3038910505836574,all
810,punan,0.3038910505836574,all
811,amang,0.3038910505836574,all
812,oraon,0.3038910505836573,all
813,trabu,0.3038910505836573,all
814,kitar,0.3035019455252916,all
815,uriah,0.3035019455252916,all
816,drago,0.3035019455252915,all
817,cnida,0.3035019455252915,all
818,kraft,0.3035019455252915,all
819,kurta,0.3031128404669259,all
820,aurin,0.3031128404669259,all
821,huari,0.3031128404669258,all
822,argot,0.3031128404669258,all
823,agric,0.3027237354085601,all
824,crazy,0.3027237354085599,all
825,diazo,0.3023346303501943,all
826,afara,0.3019455252918286,all
827,junta,0.3019455252918286,all
828,phoca,0.3019455252918285,all
829,prawn,0.3019455252918285,all
830,frija,0.3015564202334628,all
831,higra,0.3015564202334628,all
832,acrab,0.3015564202334628,all
833,dwarf,0.3015564202334627,all
834,gracy,0.3015564202334627,all
835,atria,0.3011673151750972,all
836,tokay,0.301167315175097,all
837,arkab,0.301167315175097,all
838,kokam,0.3007782101167313,all
839,ahunt,0.3007782101167313,all
840,afric,0.3003891050583656,all
841,choak,0.3003891050583655,all
842,mikra,0.3003891050583654,all
843,jirga,0.2999999999999999,all
844,muran,0.2999999999999998,all
845,urari,0.2999999999999997,all
846,ghaut,0.2999999999999997,all
847,argid,0.2999999999999997,all
848,jnana,0.2992217898832683,all
849,ating,0.2992217898832683,all
850,dwang,0.2992217898832682,all
851,choga,0.2992217898832682,all
852,purga,0.2988326848249025,all
853,gogga,0.2988326848249025,all
854,furan,0.2984435797665368,all
855,kokra,0.2984435797665367,all
856,amita,0.2984435797665367,all
857,arock,0.298054474708171,all
858,cunza,0.298054474708171,all
859,cumar,0.298054474708171,all
860,groan,0.2980544747081709,all
861,kiaki,0.2976653696498053,all
862,punga,0.2976653696498053,all
863,twank,0.2976653696498052,all
864,idaic,0.2976653696498052,all
865,wiyat,0.2972762645914395,all
866,rowan,0.2972762645914395,all
867,dutra,0.2972762645914394,all
868,witan,0.2968871595330737,all
869,attic,0.296498054474708,all
870,ariki,0.2964980544747079,all
871,chauk,0.2964980544747079,all
872,ghain,0.2964980544747079,all
873,whamp,0.2964980544747079,all
874,goban,0.2964980544747079,all
875,chaui,0.2961089494163421,all
876,orary,0.2957198443579763,all
877,guaba,0.2953307392996107,all
878,frawn,0.2953307392996106,all
879,pidan,0.294941634241245,all
880,arroz,0.294941634241245,all
881,tigua,0.2949416342412448,all
882,irian,0.2949416342412448,all
883,piman,0.2945525291828792,all
884,aurum,0.2945525291828792,all
885,chopa,0.2945525291828791,all
886,groma,0.2945525291828791,all
887,whaup,0.2945525291828791,all
888,vodka,0.2937743190661477,all
889,murga,0.2937743190661477,all
890,audit,0.2937743190661477,all
891,idant,0.2937743190661476,all
892,azoic,0.2937743190661476,all
893,girja,0.293385214007782,all
894,annam,0.2933852140077819,all
895,amrit,0.2933852140077819,all
896,antic,0.2929961089494161,all
897,quira,0.2929961089494161,all
898,rohan,0.2929961089494161,all
899,prahu,0.2926070038910504,all
900,munga,0.2926070038910504,all
901,purau,0.2926070038910504,all
902,hopak,0.2926070038910504,all
903,jowar,0.2922178988326847,all
904,abaca,0.2922178988326846,all
905,annot,0.2922178988326845,all
906,gutta,0.2922178988326845,all
907,frayn,0.2918287937743188,all
908,drawn,0.2918287937743187,all
909,guava,0.2914396887159531,all
910,twain,0.291439688715953,all
911,dhava,0.291439688715953,all
912,yurta,0.291439688715953,all
913,anoia,0.291439688715953,all
914,gnarr,0.291439688715953,all
915,vicia,0.2910505836575874,all
916,aping,0.2910505836575873,all
917,arhat,0.2910505836575873,all
918,aport,0.2910505836575872,all
919,vigia,0.2906614785992216,all
920,gopak,0.2906614785992216,all
921,oyana,0.2906614785992216,all
922,aunty,0.2902723735408558,all
923,vivat,0.2902723735408558,all
924,huaco,0.28988326848249,all
925,crcao,0.28988326848249,all
926,ovant,0.28988326848249,all
927,araby,0.28988326848249,all
928,guary,0.2898832684824899,all
929,braxy,0.2898832684824898,all
930,mizar,0.2891050583657586,all
931,hutia,0.2891050583657586,all
932,aroph,0.2891050583657585,all
933,anama,0.2887159533073928,all
934,bunya,0.2887159533073928,all
935,wicca,0.288326848249027,all
936,opata,0.2879377431906612,all
937,guaco,0.2879377431906612,all
938,urian,0.2879377431906612,all
939,oidia,0.2875486381322956,all
940,quota,0.2875486381322955,all
941,zirak,0.2871595330739299,all
942,ayond,0.2871595330739297,all
943,hokan,0.2871595330739297,all
944,aimak,0.2867704280155641,all
945,zirai,0.286770428015564,all
946,gunda,0.286770428015564,all
947,drawk,0.2867704280155639,all
948,autor,0.2863813229571983,all
949,acing,0.2859922178988325,all
950,nogai,0.2859922178988324,all
951,bukat,0.2859922178988324,all
952,adrip,0.2856031128404668,all
953,agnat,0.2856031128404667,all
954,afrit,0.285214007782101,all
955,ardor,0.285214007782101,all
956,bigha,0.2848249027237352,all
957,armor,0.2848249027237352,all
958,amani,0.2848249027237352,all
959,mowha,0.2844357976653695,all
960,rojak,0.2844357976653695,all
961,ducat,0.2844357976653694,all
962,awing,0.2844357976653693,all
963,gowan,0.2840466926070037,all
964,apama,0.2840466926070036,all
965,chawn,0.2836575875486378,all
966,guaza,0.2832684824902722,all
967,oozoa,0.2832684824902722,all
968,kodak,0.2828793774319065,all
969,amnia,0.2824902723735407,all
970,amaut,0.2824902723735406,all
971,oracy,0.2824902723735404,all
972,abada,0.2821011673151749,all
973,tikka,0.2821011673151748,all
974,whaur,0.2821011673151747,all
975,rizar,0.2817120622568092,all
976,amort,0.281712062256809,all
977,agada,0.2809338521400776,all
978,kogai,0.2809338521400776,all
979,mbira,0.2809338521400775,all
980,vicar,0.2805447470817119,all
981,acrid,0.2805447470817118,all
982,murva,0.2801556420233461,all
983,quica,0.2797665369649803,all
984,phoma,0.2797665369649803,all
985,inarm,0.2797665369649802,all
986,rhoda,0.2793774319066145,all
987,gramy,0.2793774319066145,all
988,guran,0.2793774319066145,all
989,ihram,0.2789883268482488,all
990,amain,0.2789883268482488,all
991,ninja,0.2785992217898831,all
992,bucca,0.278599221789883,all
993,choya,0.278599221789883,all
994,amati,0.278599221789883,all
995,chawk,0.278599221789883,all
996,inact,0.2785992217898829,all
997,atnah,0.2782101167315174,all
998,agria,0.2778210116731516,all
999,dynam,0.2778210116731515,all
1000,koban,0.2778210116731515,all
1001,adati,0.2778210116731515,all
1002,artha,0.2774319066147858,all
1003,mohwa,0.2770428015564199,all
1004,abort,0.2770428015564199,all
1005,kiowa,0.2766536964980542,all
1006,kitan,0.2766536964980542,all
1007,abrim,0.2766536964980542,all
1008,thrax,0.2766536964980541,all
1009,adapt,0.2762645914396885,all
1010,mudra,0.2762645914396885,all
1011,axing,0.2762645914396885,all
1012,awarn,0.2762645914396884,all
1013,abram,0.2758754863813228,all
1014,audad,0.2758754863813228,all
1015,aging,0.2758754863813227,all
1016,cujam,0.275486381322957,all
1017,apoop,0.275486381322957,all
1018,abaka,0.2750972762645913,all
1019,arbor,0.2750972762645912,all
1020,durax,0.2750972762645912,all
1021,aking,0.2750972762645912,all
1022,adrad,0.2747081712062255,all
1023,adunc,0.2747081712062255,all
1024,ahura,0.2743190661478597,all
1025,bihai,0.2743190661478597,all
1026,quoad,0.2743190661478597,all
1027,whack,0.2743190661478596,all
1028,acroa,0.2739299610894941,all
1029,divan,0.2739299610894939,all
1030,kutta,0.2735408560311282,all
1031,jinja,0.2735408560311282,all
1032,quark,0.2735408560311282,all
1033,dryad,0.2735408560311281,all
1034,guiba,0.2731517509727624,all
1035,tubar,0.2731517509727624,all
1036,again,0.2731517509727624,all
1037,hijra,0.2727626459143967,all
1038,abamp,0.2727626459143967,all
1039,unarm,0.2727626459143966,all
1040,acari,0.2723735408560309,all
1041,zogan,0.2723735408560309,all
1042,murza,0.2719844357976652,all
1043,arupa,0.2719844357976652,all
1044,amaga,0.2719844357976652,all
1045,artou,0.2719844357976652,all
1046,amora,0.2719844357976651,all
1047,grapy,0.271984435797665,all
1048,adrop,0.2715953307392995,all
1049,arhar,0.2715953307392994,all
1050,oopak,0.2715953307392994,all
1051,axiom,0.2715953307392994,all
1052,unact,0.2715953307392993,all
1053,mudar,0.2712062256809337,all
1054,kouza,0.2712062256809336,all
1055,numac,0.2712062256809336,all
1056,argin,0.2708171206225678,all
1057,abama,0.2700389105058364,all
1058,argan,0.2700389105058363,all
1059,aiwan,0.2696498054474707,all
1060,wigan,0.2692607003891048,all
1061,anack,0.2692607003891048,all
1062,agama,0.2688715953307391,all
1063,rhamn,0.268871595330739,all
1064,difda,0.2684824902723733,all
1065,umiac,0.2684824902723733,all
1066,thawn,0.2684824902723732,all
1067,kyang,0.2680933852140076,all
1068,koyan,0.2680933852140076,all
1069,uparm,0.2680933852140075,all
1070,oriya,0.2680933852140075,all
1071,amapa,0.2673151750972761,all
1072,uniat,0.267315175097276,all
1073,acini,0.2669260700389103,all
1074,niuan,0.2669260700389103,all
1075,awaft,0.2669260700389102,all
1076,tukra,0.2669260700389102,all
1077,adapa,0.2665369649805446,all
1078,yunca,0.2665369649805445,all
1079,adaty,0.2665369649805444,all
1080,anima,0.2665369649805444,all
1081,kokan,0.2665369649805444,all
1082,afoam,0.2661478599221788,all
1083,koppa,0.2661478599221788,all
1084,agora,0.2661478599221787,all
1085,bryan,0.2661478599221787,all
1086,apiin,0.2661478599221787,all
1087,awink,0.265758754863813,all
1088,among,0.265758754863813,all
1089,bruja,0.2657587548638129,all
1090,orgia,0.2653696498054472,all
1091,avoid,0.2653696498054472,all
1092,apian,0.2653696498054472,all
1093,afoot,0.2649805447470815,all
1094,iowan,0.2649805447470815,all
1095,axoid,0.2645914396887157,all
1096,drupa,0.2645914396887157,all
1097,attid,0.26420233463035,all
1098,rubia,0.26420233463035,all
1099,mynah,0.26420233463035,all
1100,jiboa,0.2638132295719843,all
1101,rupia,0.2634241245136185,all
1102,avoir,0.2630350194552527,all
1103,gravy,0.2630350194552526,all
1104,amino,0.2626459143968869,all
1105,amini,0.2626459143968869,all
1106,antra,0.2626459143968869,all
1107,omina,0.2626459143968869,all
1108,diwan,0.2622568093385212,all
1109,nizam,0.2622568093385212,all
1110,chazy,0.2622568093385211,all
1111,igara,0.2622568093385211,all
1112,agrom,0.2614785992217897,all
1113,ardri,0.2614785992217896,all
1114,cuban,0.2614785992217896,all
1115,agaty,0.2614785992217895,all
1116,attar,0.261089494163424,all
1117,johan,0.2610894941634238,all
1118,noyau,0.2607003891050581,all
1119,tiwaz,0.2603112840466925,all
1120,quack,0.2603112840466924,all
1121,gubat,0.2599221789883266,all
1122,archt,0.2599221789883266,all
1123,abord,0.2599221789883265,all
1124,bugan,0.2595330739299608,all
1125,abaft,0.2595330739299608,all
1126,anniv,0.2591439688715951,all
1127,whiba,0.2591439688715949,all
1128,duhat,0.2587548638132293,all
1129,iroha,0.2587548638132293,all
1130,pudda,0.2579766536964979,all
1131,tryma,0.2579766536964978,all
1132,apoda,0.2579766536964978,all
1133,antar,0.2575875486381321,all
1134,apium,0.257587548638132,all
1135,nuadu,0.2571984435797663,all
1136,acmic,0.2568093385214006,all
1137,anion,0.2568093385214005,all
1138,argon,0.2568093385214005,all
1139,agrah,0.2560311284046691,all
1140,kikar,0.2560311284046691,all
1141,quaff,0.2556420233463033,all
1142,kohua,0.2556420233463032,all
1143,pyran,0.2548638132295718,all
1144,cumay,0.254474708171206,all
1145,kunai,0.2540856031128403,all
1146,aniba,0.2540856031128402,all
1147,noway,0.2536964980544745,all
1148,unona,0.2536964980544745,all
1149,apout,0.2536964980544744,all
1150,atony,0.252918287937743,all
1151,jihad,0.2529182879377429,all
1152,azoth,0.2529182879377429,all
1153,uzara,0.2525291828793772,all
1154,vivda,0.2525291828793772,all
1155,thuan,0.2521400778210114,all
1156,izard,0.2521400778210113,all
1157,aryan,0.2517509727626457,all
1158,thawy,0.2517509727626456,all
1159,avian,0.2513618677042799,all
1160,annum,0.2513618677042799,all
1161,trypa,0.2505836575875484,all
1162,aback,0.2505836575875484,all
1163,khaya,0.2501945525291827,all
1164,abaci,0.2501945525291826,all
1165,whauk,0.2501945525291826,all
1166,cuppa,0.2498054474708169,all
1167,amiga,0.2498054474708169,all
1168,quadi,0.2498054474708169,all
1169,pucka,0.2498054474708169,all
1170,hippa,0.2494163424124512,all
1171,vidua,0.2494163424124512,all
1172,cycad,0.2494163424124511,all
1173,anorn,0.2494163424124509,all
1174,inapt,0.2490272373540853,all
1175,nigua,0.2486381322957196,all
1176,vicua,0.2482490272373539,all
1177,cymar,0.2478599221789881,all
1178,anura,0.2478599221789881,all
1179,gunja,0.2466926070038909,all
1180,zizia,0.2463035019455252,all
1181,viuva,0.2463035019455251,all
1182,abuna,0.2459143968871594,all
1183,abaff,0.2459143968871593,all
1184,yojan,0.2459143968871592,all
1185,futwa,0.2455252918287936,all
1186,aucan,0.2455252918287936,all
1187,unram,0.2455252918287936,all
1188,khaja,0.2455252918287936,all
1189,acoin,0.2451361867704278,all
1190,amity,0.2451361867704277,all
1191,amadi,0.244747081712062,all
1192,mbaya,0.2443579766536963,all
1193,unadd,0.2443579766536962,all
1194,yurak,0.2439688715953306,all
1195,cupay,0.2439688715953305,all
1196,arzan,0.2439688715953305,all
1197,rhyta,0.2439688715953305,all
1198,iraqi,0.2439688715953304,all
1199,vimpa,0.2435797665369648,all
1200,chufa,0.2435797665369647,all
1201,khadi,0.2435797665369647,all
1202,unrra,0.243190661478599,all
1203,omani,0.2428015564202332,all
1204,archd,0.2428015564202332,all
1205,anigh,0.2428015564202331,all
1206,atour,0.2424124513618675,all
1207,apron,0.2424124513618675,all
1208,abrin,0.2424124513618675,all
1209,ccoya,0.2424124513618674,all
1210,andia,0.2420233463035018,all
1211,audio,0.2420233463035018,all
1212,adion,0.2420233463035017,all
1213,unapt,0.2420233463035017,all
1214,zohak,0.2420233463035017,all
1215,acoup,0.241634241245136,all
1216,anmia,0.241634241245136,all
1217,agrin,0.2412451361867702,all
1218,acoma,0.2408560311284045,all
1219,knark,0.2408560311284044,all
1220,dumka,0.2404669260700387,all
1221,khoka,0.2404669260700387,all
1222,aknow,0.2404669260700387,all
1223,angia,0.2404669260700387,all
1224,inark,0.2404669260700386,all
1225,ikona,0.2400778210116728,all
1226,myoma,0.2400778210116728,all
1227,acorn,0.2396887159533071,all
1228,about,0.2396887159533071,all
1229,abuta,0.2396887159533071,all
1230,pizza,0.2392996108949415,all
1231,anour,0.2389105058365756,all
1232,anzac,0.2385214007782099,all
1233,vifda,0.2385214007782099,all
1234,ouija,0.2385214007782098,all
1235,avion,0.2381322957198441,all
1236,adopt,0.2381322957198441,all
1237,atmid,0.2377431906614784,all
1238,axion,0.2373540856031126,all
1239,aubin,0.2373540856031126,all
1240,acron,0.2373540856031126,all
1241,nubia,0.2373540856031126,all
1242,icica,0.2369649805447468,all
1243,zihar,0.2365758754863812,all
1244,ruman,0.2365758754863811,all
1245,khaki,0.2365758754863811,all
1246,akund,0.2365758754863811,all
1247,admit,0.2365758754863811,all
1248,quauk,0.2361867704280154,all
1249,ibota,0.2357976653696495,all
1250,zigan,0.2350194552529181,all
1251,aucht,0.2350194552529181,all
1252,bubba,0.235019455252918,all
1253,actor,0.2346303501945524,all
1254,aught,0.2346303501945523,all
1255,adorn,0.2346303501945522,all
1256,anabo,0.2342412451361865,all
1257,anova,0.2342412451361865,all
1258,atavi,0.2338521400778208,all
1259,unark,0.233463035019455,all
1260,awork,0.2330739299610892,all
1261,jutka,0.2326848249027236,all
1262,amici,0.2326848249027234,all
1263,abdat,0.2322957198443578,all
1264,otary,0.2322957198443576,all
1265,aboma,0.231906614785992,all
1266,quaky,0.2315175097276263,all
1267,juvia,0.2315175097276263,all
1268,tufan,0.2315175097276262,all
1269,khami,0.2315175097276262,all
1270,chyak,0.2311284046692605,all
1271,ngaio,0.2311284046692604,all
1272,tubba,0.2303501945525289,all
1273,augur,0.2299610894941632,all
1274,xicak,0.2295719844357975,all
1275,pukka,0.2295719844357975,all
1276,agony,0.2295719844357974,all
1277,abura,0.2291828793774317,all
1278,annoy,0.2291828793774316,all
1279,azoch,0.2291828793774316,all
1280,kwapa,0.2284046692607002,all
1281,imaum,0.2284046692607001,all
1282,avick,0.2284046692607001,all
1283,vidya,0.2280155642023345,all
1284,agura,0.2280155642023344,all
1285,organ,0.2280155642023343,all
1286,knack,0.2276264591439686,all
1287,ambit,0.2276264591439686,all
1288,agron,0.2272373540856029,all
1289,auxin,0.2268482490272372,all
1290,juxta,0.2268482490272372,all
1291,agami,0.2268482490272371,all
1292,tcawi,0.2268482490272371,all
1293,akron,0.2264591439688714,all
1294,amowt,0.2264591439688713,all
1295,accra,0.2256809338521399,all
1296,ghazi,0.2256809338521398,all
1297,thuya,0.2252918287937741,all
1298,human,0.2252918287937741,all
1299,abray,0.2249027237354084,all
1300,amour,0.2249027237354083,all
1301,khvat,0.2249027237354083,all
1302,jibba,0.2245136186770426,all
1303,animi,0.2245136186770425,all
1304,animo,0.2245136186770425,all
1305,ixora,0.2245136186770425,all
1306,vivax,0.2241245136186768,all
1307,apptd,0.2241245136186767,all
1308,umaua,0.2237354085603111,all
1309,awabi,0.2229571984435795,all
1310,antum,0.2229571984435795,all
1311,rybat,0.2229571984435795,all
1312,dumba,0.2229571984435795,all
1313,kiwai,0.2225680933852139,all
1314,acapu,0.2225680933852139,all
1315,amido,0.2225680933852137,all
1316,aboon,0.222178988326848,all
1317,urman,0.222178988326848,all
1318,nikau,0.2217898832684823,all
1319,actin,0.2217898832684823,all
1320,unary,0.2217898832684822,all
1321,afray,0.2214007782101165,all
1322,acock,0.2214007782101165,all
1323,untap,0.2210116731517508,all
1324,judah,0.2206225680933851,all
1325,mymar,0.220622568093385,all
1326,oukia,0.220622568093385,all
1327,rumba,0.220622568093385,all
1328,nyaya,0.220622568093385,all
1329,thuja,0.2206225680933849,all
1330,intra,0.2206225680933849,all
1331,gujar,0.2202334630350193,all
1332,avour,0.2202334630350192,all
1333,omrah,0.2198443579766535,all
1334,gumma,0.2198443579766535,all
1335,kyack,0.2194552529182877,all
1336,ottar,0.219066147859922,all
1337,vijao,0.219066147859922,all
1338,inaja,0.2186770428015562,all
1339,quawk,0.2182879377431905,all
1340,andor,0.2182879377431905,all
1341,numda,0.2182879377431904,all
1342,abidi,0.2178988326848246,all
1343,adagy,0.2178988326848246,all
1344,ozark,0.2178988326848246,all
1345,duppa,0.2175097276264589,all
1346,adawn,0.2175097276264588,all
1347,anton,0.2175097276264588,all
1348,ancor,0.2171206225680932,all
1349,icaco,0.2171206225680931,all
1350,antiq,0.2171206225680931,all
1351,atimy,0.2167315175097274,all
1352,angor,0.2167315175097274,all
1353,appar,0.2159533073929959,all
1354,omaha,0.2159533073929959,all
1355,acidy,0.2155642023346301,all
1356,agamy,0.21556420233463,all
1357,abwab,0.2143968871595329,all
1358,azido,0.214007782101167,all
1359,dubba,0.2132295719844355,all
1360,attry,0.2128404669260698,all
1361,abohm,0.2128404669260698,all
1362,adyta,0.2124513618677041,all
1363,ignaw,0.212451361867704,all
1364,urban,0.212451361867704,all
1365,buffa,0.212451361867704,all
1366,ataxy,0.2120622568093383,all
1367,upaya,0.2116731517509726,all
1368,hyrax,0.2112840466926068,all
1369,avahi,0.2112840466926068,all
1370,yucca,0.210894941634241,all
1371,phyma,0.2105058365758753,all
1372,ovary,0.2101167315175094,all
1373,kniaz,0.209338521400778,all
1374,gnawn,0.2093385214007779,all
1375,adoxa,0.2089494163424122,all
1376,dujan,0.2089494163424122,all
1377,abbot,0.2089494163424122,all
1378,untar,0.2085603112840465,all
1379,inoma,0.2085603112840464,all
1380,athar,0.2081712062256808,all
1381,octad,0.2081712062256807,all
1382,ikary,0.2081712062256806,all
1383,atman,0.207782101167315,all
1384,vijay,0.207782101167315,all
1385,acton,0.207782101167315,all
1386,amigo,0.2077821011673149,all
1387,ambar,0.2073929961089492,all
1388,hydra,0.2073929961089492,all
1389,khoja,0.2073929961089491,all
1390,abdom,0.2070038910505835,all
1391,acuan,0.206225680933852,all
1392,aphra,0.2050583657587546,all
1393,cymba,0.2050583657587546,all
1394,kuman,0.2046692607003889,all
1395,angka,0.2046692607003889,all
1396,irfan,0.2046692607003888,all
1397,aphid,0.2031128404669258,all
1398,umiak,0.2019455252918286,all
1399,arzun,0.2019455252918285,all
1400,jumma,0.2011673151750971,all
1401,atomy,0.2007782101167313,all
1402,india,0.1999999999999998,all
1403,zudda,0.1996108949416341,all
1404,hubba,0.199610894941634,all
1405,arjun,0.1992217898832682,all
1406,oncia,0.1988326848249025,all
1407,addda,0.1984435797665368,all
1408,unami,0.1976653696498052,all
1409,unamo,0.1976653696498052,all
1410,nydia,0.1972762645914395,all
1411,anomy,0.1972762645914393,all
1412,archy,0.1968871595330737,all
1413,afgod,0.1968871595330737,all
1414,jizya,0.1961089494163423,all
1415,khuai,0.1953307392996107,all
1416,appmt,0.1953307392996106,all
1417,achar,0.194941634241245,all
1418,anury,0.1945525291828791,all
1419,unray,0.1945525291828791,all
1420,indra,0.1945525291828791,all
1421,awhir,0.1941634241245134,all
1422,iddat,0.1941634241245134,all
1423,ngoma,0.1941634241245133,all
1424,uncap,0.1937743190661477,all
1425,atopy,0.1933852140077819,all
1426,incra,0.1933852140077818,all
1427,awiwi,0.1933852140077818,all
1428,yuman,0.1929961089494161,all
1429,umiaq,0.1926070038910504,all
1430,uncia,0.1918287937743189,all
1431,akkad,0.1918287937743188,all
1432,abkar,0.1914396887159531,all
1433,fchar,0.1910505836575874,all
1434,amhar,0.1906614785992216,all
1435,abody,0.1906614785992215,all
1436,admin,0.1902723735408558,all
1437,amman,0.1902723735408558,all
1438,ancon,0.1902723735408558,all
1439,undam,0.1898832684824901,all
1440,adman,0.1894941634241243,all
1441,acrux,0.1887159533073928,all
1442,jumba,0.1887159533073928,all
1443,nucha,0.1887159533073928,all
1444,imago,0.1879377431906612,all
1445,atwin,0.1863813229571983,all
1446,accum,0.1859922178988325,all
1447,addio,0.185214007782101,all
1448,axman,0.1848249027237352,all
1449,imbat,0.1848249027237351,all
1450,unmad,0.1844357976653694,all
1451,ancha,0.1832684824902722,all
1452,ivray,0.1828793774319064,all
1453,ngapi,0.1828793774319063,all
1454,afifi,0.1821011673151748,all
1455,achor,0.1817120622568092,all
1456,oryza,0.1817120622568091,all
1457,angry,0.181712062256809,all
1458,adobo,0.1813229571984433,all
1459,amban,0.1805447470817118,all
1460,adown,0.1793774319066144,all
1461,kubba,0.1789883268482488,all
1462,amuck,0.1789883268482488,all
1463,octan,0.1789883268482488,all
1464,appro,0.1789883268482487,all
1465,mbuba,0.1789883268482487,all
1466,accur,0.1785992217898831,all
1467,invar,0.178599221789883,all
1468,okapi,0.1766536964980542,all
1469,adcon,0.175486381322957,all
1470,admov,0.175486381322957,all
1471,imvia,0.1750972762645912,all
1472,unhat,0.1750972762645912,all
1473,typha,0.1750972762645912,all
1474,ochna,0.1747081712062255,all
1475,anjan,0.1743190661478597,all
1476,adpao,0.1735408560311282,all
1477,adjag,0.1731517509727625,all
1478,idaho,0.1731517509727624,all
1479,aggro,0.1731517509727623,all
1480,inkra,0.1731517509727623,all
1481,abhor,0.1727626459143967,all
1482,tchai,0.1723735408560309,all
1483,appay,0.1723735408560309,all
1484,unbar,0.1723735408560309,all
1485,agoho,0.1719844357976651,all
1486,azury,0.1719844357976651,all
1487,byway,0.1715953307392994,all
1488,admix,0.1704280155642021,all
1489,addax,0.1700389105058364,all
1490,huzza,0.1700389105058364,all
1491,qubba,0.1696498054474706,all
1492,infra,0.1696498054474705,all
1493,unhap,0.1680933852140076,all
1494,aggur,0.1680933852140075,all
1495,upbar,0.1677042801556418,all
1496,ungag,0.1677042801556418,all
1497,dwyka,0.1677042801556418,all
1498,ambon,0.167315175097276,all
1499,ygapo,0.1661478599221787,all
1500,admrx,0.1649805447470814,all
1501,impar,0.1645914396887157,all
1502,accoy,0.1638132295719843,all
1503,ambay,0.1638132295719842,all
1504,umbra,0.1634241245136184,all
1505,indan,0.1626459143968869,all
1506,uckia,0.1618677042801555,all
1507,idgah,0.1618677042801554,all
1508,untax,0.1618677042801554,all
1509,aggry,0.1618677042801553,all
1510,incan,0.1614785992217896,all
1511,ingan,0.1610894941634238,all
1512,unjam,0.1595330739299609,all
1513,unbag,0.1591439688715951,all
1514,ambry,0.159143968871595,all
1515,izzat,0.1587548638132293,all
1516,unhad,0.1579766536964978,all
1517,aghan,0.1579766536964978,all
1518,unfar,0.1575875486381321,all
1519,ankou,0.1575875486381321,all
1520,adoxy,0.1556420233463032,all
1521,ungka,0.1556420233463032,all
1522,unman,0.1552529182879375,all
1523,mckay,0.1544747081712059,all
1524,azofy,0.1544747081712059,all
1525,upupa,0.15136186770428,all
1526,ogham,0.1501945525291826,all
1527,achoo,0.1494163424124512,all
1528,anjou,0.1486381322957197,all
1529,azoxy,0.147859922178988,all
1530,adfix,0.1459143968871593,all
1531,hypha,0.1443579766536963,all
1532,anhyd,0.1435797665369647,all
1533,oxman,0.1428015564202332,all
1534,appui,0.1416342412451359,all
1535,otyak,0.1412451361867703,all
1536,affix,0.1385214007782099,all
1537,imban,0.1385214007782098,all
1538,unwan,0.1330739299610893,all
1539,ayuyu,0.1319066147859921,all
1540,unbay,0.1287937743190658,all
1541,unpay,0.1280155642023344,all
1542,atypy,0.1241245136186769,all
1543,knyaz,0.1241245136186769,all
1544,upbay,0.1241245136186768,all
1545,abmho,0.1233463035019453,all
1546,uzbak,0.1178988326848247,all
1547,amphi,0.1175097276264589,all
1548,abuzz,0.1136186770428014,all
1549,unwax,0.1132295719844356,all
1550,upway,0.1116731517509726,all
1551,upwax,0.1085603112840465,all
1552,ampyx,0.0964980544747079,all
1553,ajaja,,all
1554,ajava,,all
1555,ajiva,,all
1556,ajuga,,all
1557,djuka,,all
1558,ijmaa,,all
1559,miqra,,all
1560,ajhar,,all
1561,ajari,,all
